{"cameraMode":{"drawMode":0,"name":"Shaded","section":"Shading Mode"},"sceneLighting":true,"audioPlay":false,"sceneViewState":{"m_AlwaysRefresh":false,"showFog":true,"showSkybox":true,"showFlares":true,"showImageEffects":true,"showParticleSystems":true,"showVisualEffectGraphs":true,"m_FxEnabled":true},"in2DMode":false,"pivot":{"x":35.970001220703128,"y":10.657535552978516,"z":-11.366369247436524},"rotation":{"x":0.22602516412734986,"y":-0.0075643775053322319,"z":0.0017614185344427825,"w":0.9741023182868958},"size":7.5198493003845219,"orthographic":false}