{"cameraMode":{"drawMode":0,"name":"Shaded","section":"Shading Mode"},"sceneLighting":true,"audioPlay":false,"sceneViewState":{"m_AlwaysRefresh":false,"showFog":true,"showSkybox":true,"showFlares":true,"showImageEffects":true,"showParticleSystems":true,"showVisualEffectGraphs":true,"m_FxEnabled":true},"in2DMode":false,"pivot":{"x":24.535829544067384,"y":5.703601837158203,"z":-12.303962707519532},"rotation":{"x":0.038706544786691669,"y":-0.5530779361724854,"z":0.025739066302776338,"w":0.8318427801132202},"size":4.421966552734375,"orthographic":false}