{"cameraMode":{"drawMode":0,"name":"Shaded","section":"Shading Mode"},"sceneLighting":true,"audioPlay":false,"sceneViewState":{"m_AlwaysRefresh":false,"showFog":true,"showSkybox":true,"showFlares":true,"showImageEffects":true,"showParticleSystems":true,"showVisualEffectGraphs":true,"m_FxEnabled":true},"in2DMode":false,"pivot":{"x":33.862525939941409,"y":13.607075691223145,"z":-32.85557174682617},"rotation":{"x":0.0046490770764648918,"y":-0.9952755570411682,"z":-0.0747845470905304,"w":-0.06188183277845383},"size":12.12435531616211,"orthographic":false}