{"cameraMode":{"drawMode":0,"name":"Shaded","section":"Shading Mode"},"sceneLighting":false,"audioPlay":false,"sceneViewState":{"m_AlwaysRefresh":false,"showFog":true,"showSkybox":false,"showFlares":true,"showImageEffects":true,"showParticleSystems":true,"showVisualEffectGraphs":true,"m_FxEnabled":true},"in2DMode":false,"pivot":{"x":37.13475036621094,"y":12.705036163330079,"z":-11.366369247436524},"rotation":{"x":0.12093744426965714,"y":0.37429460883140566,"z":-0.04920713230967522,"w":0.9180707335472107},"size":17.785600662231447,"orthographic":false}